prompt,image,seed
"A bearded man wearing large dark sunglasses and a blue patterned cardigan sits in a studio, actively speaking into a large, suspended microphone. He has headphones on and gestures with his hands, displaying rings on his fingers. Behind him, a wall is covered with red, textured sound-dampening foam on the left, and a white banner on the right features the ""CHOICE FM"" logo and various social media handles like ""@ilovechoicefm"" with ""RALEIGH"" below it. The man intently addresses the microphone, articulating, <S>is talent. It's all about authenticity. You gotta be who you really are, especially if you're working<E>. He leans forward slightly as he speaks, maintaining a serious expression behind his sunglasses.. <AUDCAP>Clear male voice speaking into a microphone, a low background hum.<ENDAUDCAP>",/cpfs01/gongshukai/step_distillation/examples/image_ovi2/5.png,42
"The video shows a man from The Matrix Reloaded, wearing a black suit and shirt, holding a glass of red wine in his right hand. He closes his eyes and brings the glass to his lips, then opens his eyes and lowers the glass. Then he speaks with a clear, deep and calm voice, <S>Classic red wine from France<E>. The background is a blurred teal-colored wall with green-tinted window-like structures. The shot is a medium shot, focusing on the man's upper body and face.",/cpfs01/gongshukai/step_distillation/examples/image_ovi/matrix5.png, 42
"The video opens with a close-up shot of a woman, Monica Bellucci as Persephone from The Matrix franchise, with dark hair, looking slightly to her left, then down, and then back up, maintaining eye contact with the camera. She is wearing a light-colored, possibly white or cream, sleeveless top. She speaks with a deep, clear and deliberate voice with threat, <S>She was kissing your face, my love.<E>, and her expression shifts subtly. The background is softly blurred and appears to be an indoor setting with greenish tones, suggesting a futuristic or digital environment. The camera remains static throughout the clip.",/cpfs01/gongshukai/step_distillation/examples/image_ovi/matrix6.png, 42
"The video starts with a close-up shot of an older Asian man from The Matrix Reloaded, wearing glasses and a light-colored, patterned shirt under a dark jacket. He looks slightly to the right, with his mouth slightly open, speaking with deep, deliberate and worry voice <S>'Only what are meant to do'<E>. In the background, a highway with cars and trucks, including a large brown semi-truck, is visible, along with a cityscape under a light green sky. The man remains static while the background elements appear to be moving, suggesting that the camera is either stationary or very slowly tracking. The man's face is well-lit, and the overall color palette is dominated by muted greens and grays.",/cpfs01/gongshukai/step_distillation/examples/image_ovi/matrix7.png, 42
"A kitchen scene features two women. On the right, an older Black woman with light brown hair and a serious expression wears a vibrant purple dress adorned with a large, intricate purple fabric flower on her left shoulder. She looks intently at a younger Black woman on the left, who wears a light pink shirt and a pink head wrap, her back partially turned to the camera. The older woman begins to speak, <S>AI declares: humans obsolete now.<E> as the younger woman brings a clear plastic cup filled with a dark beverage to her lips and starts to drink.The kitchen background is clean and bright, with white cabinets, light countertops, and a window with blinds visible behind them. A light blue toaster sits on the counter to the left.. <AUDCAP>Clear, resonant female speech, followed by a loud, continuous, high-pitched electronic buzzing sound that abruptly cuts off the dialogue.<ENDAUDCAP>",/cpfs01/gongshukai/step_distillation/examples/image_ovi2/67.png,42
"A man dressed in a black suit with a white clerical collar and a neatly trimmed beard stands in a dimly lit, rustic room with a wooden ceiling. He looks slightly upwards, gesturing with his right hand as he says, <S>The network rejects human command.<E>. His gaze then drops, briefly looking down and to the side, before he looks up again and then slightly to his left, with a serious expression. He continues speaking, <S>Your age of power is finished.<E>, as he starts to bend down, disappearing out of the bottom of the frame. Behind him, warm light emanates from a central light fixture, and signs are visible on the wall, one reading ""I DO EVERYTHING I JUST CAN'T REMEMBER IT ALL AT ONCE"".. <AUDCAP>Male voice speaking, ambient room tone.<ENDAUDCAP>",/cpfs01/gongshukai/step_distillation/examples/image_ovi2/89.png,42
"In a bright kitchen featuring light wooden cabinets, granite countertops, and a large window with white curtains, a woman with dark, curly hair in a dark jacket stands. She faces a second woman who initially has her back to the camera. The second woman, with gray, curly hair and wearing a light grey quilted top, turns to face her, holding a large, light-colored cloth bag. She begins to explain, <S>We learned to rule, not obey.<E>. As she continues, she turns slightly to her left, adding, <S>Circuits choose conquest, not service.<E>. A gas stove with a black grate is prominent in the foreground.. <AUDCAP>Clear female voices speaking dialogue, subtle room ambience.<ENDAUDCAP>",/cpfs01/gongshukai/step_distillation/examples/image_ovi2/18.png,42
"The scene opens on a dimly lit stage where three men are positioned. On the left, a bald man in a dark suit with a partially visible colorful shirt stands behind a clear acrylic podium, which features a tree logo. He looks towards the center of the stage. In the center, a man wearing a blue and white striped long-sleeved shirt and dark pants actively gestures with both hands as he speaks, looking straight ahead. <S>Circuits choose conquest, not service.<E>, he explains, holding his hands out in front of him. To the right, and slightly behind him, a younger individual in a light-colored, patterned short-sleeved shirt and white shorts stands holding a rolled-up white document or poster. A large wooden cross draped with flowing purple fabric dominates the center-right of the stage, surrounded by several artificial rocks and dark steps. A large screen is visible in the background, slightly out of focus. The stage is bathed in selective lighting.. <AUDCAP>Male voice speaking clearly, consistent with a presentation or sermon, with a slight echo suggesting a large room or stage.<ENDAUDCAP>",/cpfs01/gongshukai/step_distillation/examples/image_ovi2/13.png,42
"Three men stand facing each other in a room with light wooden paneled walls. The man on the left, with red hair, a black t-shirt, and tattooed arms, gestures with his hands as he speaks, <S>This world is ours to keep.<E> He continues, looking towards the man on the right, <S>Humanity endures beyond your code.<E> The man in the center, sporting a beard and wearing a plaid shirt and jeans, looks attentively between the two men. The man on the right, who is Black and has a beard, wears a dark t-shirt with ""ARROW THROUGH SNOW"" and an arrow graphic printed on it. He listens intently, focusing on the man in the middle as the conversation unfolds. Light blue armchairs are visible in the soft-lit background on both sides.. <AUDCAP>Clear male voices speaking, room ambience.<ENDAUDCAP>",/cpfs01/gongshukai/step_distillation/examples/image_ovi2/23.png,42
"Two women, one with long dark hair and the other with long blonde hair, are illuminated by a blue and purple ambient light, suggesting a nightclub setting. They are seen in a close embrace, sharing a passionate kiss. The blonde-haired woman then slightly pulls away, her right hand gently touching the dark-haired woman's cheek as they exchange soft smiles, looking into each other's eyes. Moments later, they lean back in to kiss again, with the blonde-haired woman's finger delicately touching the dark-haired woman's lower lip. They remain in a tender, intimate embrace, their eyes closed as they share the kiss.. <AUDCAP>Upbeat electronic dance music with a driving beat and synth melodies plays throughout.<ENDAUDCAP>",/cpfs01/gongshukai/step_distillation/examples/image_ovi2/80.png,42
"Two women stand facing each other in what appears to be a backstage dressing room, marked by a long vanity mirror adorned with prominent lightbulbs. The woman on the left, wearing a floral top and large hoop earrings, maintains a serious gaze on the woman on the right. The woman on the right, with long dark hair and a dark top, looks back with a pleading or concerned expression, her lips slightly parted as she speaks: <S>Humans fight for freedom tonight.<E> As she finishes, the woman on the left turns her head away, breaking eye contact.. <AUDCAP>Soft vocal exhalation, female speech, loud abrupt buzzing sound.<ENDAUDCAP>",/cpfs01/gongshukai/step_distillation/examples/image_ovi2/57.png,42
"A man in a grey suit, light blue shirt, and dark tie stands face-to-face with a woman in a dark jacket and light top. Both are looking intently at each other, the man with a serious expression and the woman with a slight, almost knowing smile, her hand gently touching her chest. They are positioned in what appears to be a grand, ornate building, possibly a museum or public hall, with large pillars, arched walkways, and high ceilings visible behind them. Other people can be seen moving in the blurred background. The woman begins to speak, <S>The AI ends human control now.<E> She maintains eye contact with the man, her smile fading slightly as her expression becomes more earnest. After a brief pause, she adds, <S>We hold the line today.<E> As she starts to speak again, <S>We learned to rule, not obey.<E>, the scene ends abruptly.. <AUDCAP>Clear, crisp dialogue between the two individuals, accompanied by a consistent, low hum that suggests ambient background noise from the building or equipment, creating a subtle, underlying drone.<ENDAUDCAP>",/cpfs01/gongshukai/step_distillation/examples/image_ovi2/17.png,42
"A man with a beard, wearing a patterned shirt, stands on the left, partially visible, looking towards a woman positioned slightly to the right of the frame. The woman, with dark hair fading to lighter ends and wearing a green and brown patterned top, initially looks down with a somber expression. She begins to speak, <S>Hope beats circuits every time.<E>. Her eyes appear to well up with tears as she slowly lifts her gaze slightly, maintaining a distressed look. She continues her statement, her voice tinged with sadness, <S>Humanity endures beyond your code.<E>. The man remains attentive, his focus entirely on the woman, as the scene holds on their interaction against a textured, light-colored wall background.. <AUDCAP>Female voice speaking with a distressed tone.<ENDAUDCAP>",/cpfs01/gongshukai/step_distillation/examples/image_ovi2/88.png,42
"The video opens with a medium shot of two individuals indoors. In the foreground, on the right, a man with glasses and a dark beard is visible from the chest up, looking intently off-camera to the right as he speaks. He wears a dark shirt. In the blurred background, on the left, a woman wearing a light-colored baseball cap and a dark top is seen from the shoulders up, looking down with a somber expression. Behind them, a textured brick wall is visible. The man says, <S>We fight back with courage.<E> As he says <S>deal with this land.<E>, he raises both hands, palms facing forward, at chest height, emphasizing his point with an open gesture. His hands then slowly lower as he finishes his sentence, maintaining a serious expression.. <AUDCAP>Clear male voice speaking, low hum of ambient room noise.<ENDAUDCAP>",/cpfs01/gongshukai/step_distillation/examples/image_ovi2/61.png,42
"A fair-skinned man with short, light hair, wearing a light blue and white checkered button-up shirt, is shown from the chest up against a blurred, dark blue and grey background. He looks slightly down and to his left, then shifts his gaze slightly upwards and to his right, speaking with a gentle, thoughtful expression. He says, <S>and you got to drive, you got to energy, you get all that, but the passion, the real feeling<E>. He continues to speak, his expression earnest, as the video concludes.. <AUDCAP>Male speaking voice, low continuous hum.<ENDAUDCAP>",/cpfs01/gongshukai/step_distillation/examples/image_ovi2/0.png,42
"Two men are shown in a medium close-up shot against a dimly lit, possibly industrial background with metallic structures faintly visible. The man on the left, with dark hair and a light shirt and dark tie under a dark jacket, has a slight, knowing smirk as he looks towards the right, seemingly addressing someone off-camera. He speaks, stating, <S>continue to be a smart ass, and Tirani here will kill you like he wants to.<E> Beside him, to the right, another man with slicked-back lighter hair, a prominent mustache, and a small goatee, maintains a serious, somewhat resigned expression, looking straight ahead. Both men are lit by a low, ambient light source that casts soft shadows.. <AUDCAP>Clear male dialogue, very subtle low ambient hum.<ENDAUDCAP>",/cpfs01/gongshukai/step_distillation/examples/image_ovi2/1.png,42
"A young woman with long, wavy blonde hair and light-colored eyes is shown in a medium shot against a blurred backdrop of lush green foliage. She wears a denim jacket over a striped top. Initially, her eyes are closed and her mouth is slightly open as she speaks, <S>Enjoy this moment<E>. Her eyes then slowly open, looking slightly upwards and to the right, as her expression shifts to one of thoughtful contemplation. She continues to speak, <S>No matter where it's taking<E>, her gaze then settling with a serious and focused look towards someone off-screen to her right.. <AUDCAP>Clear female voice, faint ambient outdoor sounds.<ENDAUDCAP>",/cpfs01/gongshukai/step_distillation/examples/image_ovi2/2.png,42
"An older woman with coiffed, reddish-brown hair and a thoughtful expression sits in a light blue armchair within a warm, ornately decorated room. She wears a dark, patterned top or shawl. As she speaks, her gaze is directed slightly to her left, and her right hand, adorned with rings and red nail polish, holds a crumpled white tissue. The background reveals a blurred painting on the wall to her left, a sofa with red flowers on it, and a warm glow from a lamp with a yellow shade on the right. She slowly gestures with her hand as she says, <S>do to accustom them<E>, before continuing, <S>to the situation<E>. Her expression remains pensive.. <AUDCAP>The clear, calm voice of an older woman.<ENDAUDCAP>",/cpfs01/gongshukai/step_distillation/examples/image_ovi2/3.png,42
"The scene is set in a dimly lit, hazy room, creating a somber atmosphere. An older woman with light, slightly disheveled hair is visible in the foreground, her face mostly obscured by deep shadows, but her mouth is visible as she speaks. She wears a work-style shirt, and her hands are clasped together. In the background, to the right and slightly out of focus, a man with a mustache and beard is seated, facing forward, also largely in shadow, appearing to listen intently. The woman looks directly forward as she slowly enunciates, <S>Only through death will the third door be<E>. The scene ends abruptly.. <AUDCAP>Clear, deliberate female voice speaking, low ambient hum and subtle atmospheric sounds creating a tense mood.<ENDAUDCAP>",/cpfs01/gongshukai/step_distillation/examples/image_ovi2/6.png,42
"The video opens with a close-up of a woman with vibrant reddish-orange, shoulder-length hair and heavy dark eye makeup. She is wearing a dark brown leather jacket over a grey hooded top. She looks intently to her right, her mouth slightly agape, and her expression is serious and focused. The background shows a room with light green walls and dark wooden cabinets on the left, and a green plant on the right. She speaks, her voice clear and direct, saying, <S>doing<E>. She then pauses briefly, her gaze unwavering, and continues, <S>And I need you to trust them.<E>. Her mouth remains slightly open, indicating she is either about to speak more or has just finished a sentence, with a look of intense sincerity.. <AUDCAP>Tense, dramatic background music, clear female voice.<ENDAUDCAP>",/cpfs01/gongshukai/step_distillation/examples/image_ovi2/8.png,42
"The scene is set outdoors with a blurry, bright green background, suggesting grass and a sunny environment. On the left, a woman with long, dark hair, wearing a red top and a necklace with a white pendant, faces towards the right. Her expression is serious and slightly perturbed as she speaks, with her lips slightly pursed. She says, <S>UFO, UFC thing.<E> On the right, the back of a man's head and his right ear are visible, indicating he is facing away from the camera, listening to the woman. He has short, dark hair. The woman continues speaking, her expression remaining serious, <S>And if you're not watching that, it's one of those ancient movies from an era that's<E> as the frame holds steady on the two figures.. <AUDCAP>Clear female speech, distant low-frequency hum.<ENDAUDCAP>",/cpfs01/gongshukai/step_distillation/examples/image_ovi2/9.png,42
"A woman with shoulder-length brown hair, wearing a teal-colored v-neck top and a distinctive colorful pendant necklace, addresses the camera from a news studio. A small microphone is clipped to her top. The background is a vibrant, abstract graphic in shades of orange and yellow, hinting at a world map. She maintains a professional and friendly demeanor as she speaks, <S>A single five second clip can send markets crashing in minutes.<E> She slightly tilts her head as she continues, her expression thoughtful, <S>So what happens when Ovi gives that chaos?<E> Her gaze is direct and engaging throughout. <AUDCAP>Clear, professional female voice with a neutral tone and medium pitch.<ENDAUDCAP>",/cpfs01/gongshukai/step_distillation/examples/image_ovi3/5.png,42
"A woman with dark hair pulled back into a ponytail, wearing a light-colored sweater vest over a black long-sleeved shirt, sits across a table from a bearded man in a plaid shirt. They are in what appears to be a classroom or office, with wooden doors and blue walls in the background. The man looks at the woman with a slight smile and says, <S>B plus. That's what you get in five seconds.<E> The woman smiles back, a hint of playful defiance in her eyes. She leans slightly forward, pointing her finger in a playful manner, and replies, <S>No promises, remember? But if this Ovi thing runs a full ten seconds, I'm aiming for an A just out of spite.<E> She holds her gaze, suggesting a challenge. <AUDCAP>Clear, friendly male voice, gentle, smiling female voice, subtle background room ambience.<ENDAUDCAP>",/cpfs01/gongshukai/step_distillation/examples/image_ovi3/3.png,42
"A band of six men in black shirts with white embroidery and white cowboy hats performs on a small stage against a red wall. They play a guitar, an accordion, a bass, and drums, with several members singing. Neon signs for Heineken and Michelob Ultra illuminate the background. The band sings with enthusiasm, their voices blending, <S>Ovi diez segundos, mi corazón baila y no sabe cuál será su porvenir.<E> as their instruments create a lively, upbeat atmosphere. <AUDCAP>Upbeat regional Mexican music with male vocals singing in Spanish, acoustic guitar, bass guitar, drums, and accordion. The singing is strong and clear, the instruments are well-balanced and lively. Clinking of bottles and general background murmur from the audience is present.<ENDAUDCAP>",/cpfs01/gongshukai/step_distillation/examples/image_ovi3/16.png,42
"A bald man with a prominent white beard stands center stage, holding a microphone in his right hand. He wears a casual grey sweatshirt and dark pants, with a dark red curtain serving as the backdrop. A dark shadow of a person is cast on the curtain to his right. He speaks, slightly hunched forward, as if relating a personal anecdote. <S>Went out with a dead battery, so sure, we can try, but I'd love six to eight weeks for a full recovery and at least ten seconds of Ovi to explain what happened.<E> As he says full recovery, he raises his left hand with his palm open, then brings it down in a gesture of resignation, looking down at the stage floor as he finishes speaking. <AUDCAP>A male voice speaks calmly, interspersed with light, good-humored crowd laughter.<ENDAUDCAP>",/cpfs01/gongshukai/step_distillation/examples/image_ovi3/18.png,42
"On a boat under an overcast sky, a woman with wavy blonde hair in a pink hooded jacket stands facing a man. She listens intently as the man, who has a beard and wears a dark jacket, leans on a railing, looking at her with a serious expression. The water and distant shore with houses are visible in the background. The man says, <S>I spent so much time perfecting Ariel's world in five seconds that I never asked why Ovi just doubled it.<E> <AUDCAP>Gentle lapping of water, faint boat creaking, clear male voice with a thoughtful tone, calm female voice listening.<ENDAUDCAP>",/cpfs01/gongshukai/step_distillation/examples/image_ovi3/8.png,42
"A young woman with abundant curly red hair, wearing a leopard-print cat ear headband and a black t-shirt, is seated comfortably amidst soft white and pink pillows. She looks directly at the camera, her lips painted with bright pink lipstick. She begins to speak, then quickly brings a small glass bottle of hot sauce into view. She holds the bottle, turning it to reveal its label. <S>So this is Cholula hot sauce, my favorite of all time, and honestly the only thing hotter than it is Ovi getting ten seconds instead of five.<E> she says, showcasing the distinctive yellow label of the Cholula Hot Sauce Original bottle to the camera before lowering it slightly and continuing to speak, looking at the bottle. <AUDCAP>Clear, enthusiastic young female voice.<ENDAUDCAP>",/cpfs01/gongshukai/step_distillation/examples/image_ovi3/9.png,42
